x,y,z,type
82,59,-186,minecraft:mob_spawner
136,34,-156,minecraft:mob_spawner
37,72,-194,minecraft:beehive
-1,20,-89,minecraft:mob_spawner
214,66,-290,minecraft:brewing_stand
238,65,-284,minecraft:bell
-40,69,-222,minecraft:beehive
-37,75,-204,minecraft:beehive
52,67,-47,minecraft:beehive
274,68,-252,minecraft:brewing_stand
245,17,-8,minecraft:mob_spawner
-96,23,-269,minecraft:mob_spawner
-82,7,-17,minecraft:mob_spawner
-112,10,-35,minecraft:mob_spawner
-117,32,-322,minecraft:mob_spawner
-122,10,-35,minecraft:mob_spawner
189,19,6,minecraft:mob_spawner
-108,11,14,minecraft:mob_spawner
-110,8,4,minecraft:mob_spawner
213,18,0,minecraft:mob_spawner
222,42,8,minecraft:mob_spawner
-106,48,21,minecraft:mob_spawner
197,13,43,minecraft:mob_spawner
218,46,41,minecraft:mob_spawner
225,17,36,minecraft:mob_spawner
192,14,58,minecraft:mob_spawner
70,76,76,minecraft:beehive
334,65,-396,minecraft:beehive
-126,11,10,minecraft:mob_spawner
-122,15,8,minecraft:mob_spawner
419,14,-63,minecraft:mob_spawner
380,41,-1,minecraft:mob_spawner
-61,22,101,minecraft:mob_spawner
