x,y,z,uuid,type,alive,display_name,custom_name
39.838576341462925,70.0,-186.88862868980283,21c065ba-244b-44b9-a42e-5665b673e1f6,minecraft:chicken,true,Chicken,[null]
56.20000000298023,69.0,-153.20000000298023,1c6c5420-f7a0-4ade-8c30-fd3c7e6db822,minecraft:chicken,true,Chicken,[null]
95.56401381012104,86.0,-138.76138067031215,dee2012f-aba8-4034-a3bb-cea3ac72e103,minecraft:chicken,true,Chicken,[null]
98.20139297326438,87.0,-137.61078649181857,6baae26f-a1ac-448d-9d77-4eeacb03c54e,minecraft:chicken,true,Chicken,[null]
129.71219074250072,69.0,-185.71237858961734,3115542b-f439-4207-b64d-4e44c0e2f27e,minecraft:cow,true,Cow,[null]
124.83276636787224,71.0,-170.16601141256328,02d9749f-67e2-4206-b411-6de6b12ba060,minecraft:cow,true,Cow,[null]
133.5236906382462,65.0,-212.19214261355685,fa797641-a7ff-495f-abe7-f1baa08e5870,minecraft:cow,true,Cow,[null]
115.18875384447709,69.0,-183.47902122821287,4e559685-d343-46c2-8123-51ca247145f9,minecraft:cow,true,Cow,[null]
63.672058640743465,68.0,-191.50134661840917,8caca661-fbd0-4570-a10d-753d3d55b40f,minecraft:pig,true,Pig,[null]
100.50135457051483,83.0,-141.7465689492766,17852f2a-c08a-4e93-936c-ffba6267fa15,minecraft:pig,true,Pig,[null]
33.54940414206272,69.0,-222.85460187285668,e8bdd5c9-9b8f-4d9d-885a-eb09931840fc,minecraft:pig,true,Pig,[null]
72.7848584301846,71.0,-164.85617799815165,70a3317b-7058-48fb-92ad-2319cb5ab548,minecraft:cow,true,Cow,[null]
62.51151314220579,77.0,-131.80321293325244,1c40d48c-e58a-4062-a00d-9c8ac1eab996,minecraft:cow,true,Cow,[null]
109.44999998807907,88.0,-133.47433195500304,ed9b4afd-6220-4530-b943-094f499f3da4,minecraft:cow,true,Cow,[null]
45.35120717487609,75.0,-133.316974289039,66b37925-1174-42dc-816f-298d45c38784,minecraft:chicken,true,Chicken,[null]
95.3199106302504,65.0,-228.67759580711243,afb84329-f5eb-4460-8bbf-f22733108e16,minecraft:wolf,true,Wolf,[null]
74.72294993987258,66.0,-233.3621214446396,388a9747-394e-47bb-991e-fc768407a7ee,minecraft:wolf,true,Wolf,[null]
95.27743856873626,65.0,-230.69999998807907,1085e012-8805-4804-afb6-b0642b7ba099,minecraft:wolf,true,Wolf,[null]
95.94729597321938,65.0,-230.69999998807907,96e1d574-a8be-48ad-99da-6b65a678eafa,minecraft:wolf,true,Wolf,[null]
174.18389644075026,72.0,-201.7502846554168,f8576c4a-870e-43fa-9336-0d4afc010e00,minecraft:cow,true,Cow,[null]
174.15626139553655,72.0,-207.51895310679242,1babdf13-28bd-403e-9584-1bc74c4e8319,minecraft:cow,true,Cow,[null]
163.26743674013704,71.0,-194.80615556717606,103a71c1-debf-4a33-b799-1154ca585ca0,minecraft:cow,true,Cow,[null]
15.377269059792392,75.0,-199.49724988623075,72b7624f-e9ce-41db-852c-ccf8819c44fa,minecraft:wolf,true,Wolf,[null]
13.12254882327933,68.0,-208.86116890718066,1ae4de1c-3a35-44b1-ae60-164f67334bb5,minecraft:wolf,true,Wolf,[null]
23.69999998807907,68.0,-209.89987011190192,8443024f-dab7-4152-89e9-80dc67ff7cf1,minecraft:wolf,true,Wolf,[null]
21.499951196389244,68.0,-210.59194098477127,872e0c75-ea79-4a00-a1ca-4239793ff07d,minecraft:wolf,true,Wolf,[null]
3.770130403009151,63.0,-148.81100575298288,391e6b29-b9ad-4230-8793-e3012c27988c,minecraft:pig,true,Pig,[null]
0.7126353427098067,63.0,-145.75047659987172,c4598c77-9ae9-4f4b-b37e-8b9a1a07dea5,minecraft:pig,true,Pig,[null]
41.25086351179432,75.0,-137.7962508382019,73f9037e-d066-4810-ac5c-181e26e76d8b,minecraft:pig,true,Pig,[null]
33.235848792253506,67.0,-164.26668941574607,85c7beea-366d-41d3-a884-08597badcf98,minecraft:pig,true,Pig,[null]
106.55000001192093,89.0,-109.49907436209529,135a5997-dbfe-457c-b7ff-a5975fd10ef2,minecraft:pig,true,Pig,[null]
91.24093295896823,87.0,-129.5252920940607,be70da30-a0b9-4468-850a-16da8b622839,minecraft:pig,true,Pig,[null]
96.04958400929884,89.0,-118.51259479950626,d830d0d5-7abc-4e7d-a65d-5ca64f11bc42,minecraft:pig,true,Pig,[null]
99.44999998807907,78.0,-96.55000001192093,f8c7aa42-8ac4-4542-8f14-8ef1bc3eab64,minecraft:pig,true,Pig,[null]
35.469214517958434,82.0,-105.8540865178699,59f1d4f8-9cbc-4e49-9205-3dc8b19de93a,minecraft:pig,true,Pig,[null]
49.595095714312194,78.0,-92.7901208242554,70fba64c-1302-4603-8fa9-dcc87bddbe93,minecraft:pig,true,Pig,[null]
29.497312578399047,85.0,-101.7666310006392,fafb9916-c85c-42c8-ba6a-c9b3024e6ec6,minecraft:cow,true,Cow,[null]
25.219371823707725,84.0,-108.57380874251261,a40e0dbf-5b16-4367-a57a-ecd3b01dea82,minecraft:cow,true,Cow,[null]
238.31314527708437,63.9375,-279.854106260714,22a0baaa-9663-4b12-8648-a1ba1f5266c8,minecraft:villager,true,Villager,[null]
184.51384741134646,67.0,-280.2200718858611,72b3ff86-ea26-430b-a3f2-62d55369e6f8,minecraft:pig,true,Pig,[null]
139.50304615750395,67.0,-244.37677211749826,a0b567a1-c322-4043-b1a8-67433c1c9db2,minecraft:pig,true,Pig,[null]
167.25843979638273,66.0,-66.48868199267996,03f2afe7-4932-4675-aa5c-9d9f0f9891e1,minecraft:sheep,true,Sheep,[null]
173.2227953457344,70.0,-55.50345856769705,eee1bdec-442c-4012-9d17-cf9ed18b2279,minecraft:sheep,true,Sheep,[null]
193.2000932526873,68.0,-77.18734372998789,b0af2d8e-1562-40bb-b0f3-08e06aa0895a,minecraft:sheep,true,Sheep,[null]
175.45343856746516,69.0,-46.77635180193743,cf705410-7dd1-4cdb-8a8d-4ed1d0b74f5d,minecraft:sheep,true,Sheep,[null]
238.49538713233557,64.0,-281.39224472433057,fdd92469-efc8-466c-be5e-f6a08ee75a43,minecraft:villager,true,Fletcher,[null]
207.67037168214233,66.0,-283.329320511018,e96cc2fe-9ab2-400f-b851-b63ccead8bae,minecraft:villager,true,Villager,[null]
240.24479159338378,64.0,-279.8087228279123,c4c927af-e07e-4d88-b96d-d02d89b08e4a,minecraft:villager,true,Mason,[null]
-28.76382450251765,64.0,-297.7737485272699,d8f4e0e5-0ef3-4987-adaa-729a9d0feb6a,minecraft:pig,true,Pig,[null]
-20.760076404340616,68.0,-296.47529314448366,b328aa96-6b1e-4609-b08a-f80afacda4bc,minecraft:pig,true,Pig,[null]
-27.505494349753306,65.0,-293.7466048667472,e1b9a9af-7af8-459b-afea-0006cc409bc7,minecraft:pig,true,Pig,[null]
-28.26430646064851,64.0,-301.216882249409,61b07b97-3583-42e1-a7cd-d51e00d46288,minecraft:pig,true,Pig,[null]
-18.55000001192093,67.0,-168.44999998807907,cdd33c57-a677-4987-bcd3-259b45740b48,minecraft:sheep,true,Sheep,[null]
-17.43651475809475,66.0,-169.0326259561801,612af1f5-235a-42b1-8deb-3a1f6466ed6c,minecraft:sheep,true,Sheep,[null]
-16.520637288830823,65.0,-168.73171204259995,205aee3d-e34d-486c-b585-ab5d46e8d944,minecraft:sheep,true,Sheep,[null]
-19.532028821929075,69.0,-168.19518653627196,624b927a-f0ee-4bc6-bc15-cf96a6e9c631,minecraft:sheep,true,Sheep,[null]
46.61077833961013,65.0,-57.08218357731195,eb7d8340-6434-45c3-ae1d-1e354cfa5ba1,minecraft:chicken,true,Chicken,[null]
46.554537229249746,65.0,-55.88538768490806,0f3e3067-5012-491f-8d7b-5f7c2e415c34,minecraft:chicken,true,Chicken,[null]
46.0,65.0,-56.0,5afb28ac-232d-439a-8078-8dcbca3c6094,minecraft:chicken,true,Chicken,[null]
49.45862884009317,66.0,-50.80436542030825,04874f89-2beb-499d-929f-5c4f75457538,minecraft:chicken,true,Chicken,[null]
237.07630817400758,63.9375,-280.69999998807907,b955b903-0d84-48de-ad1c-1d69927181a9,minecraft:villager,true,Toolsmith,[null]
173.12172740401948,65.0,-321.1218112236716,9b66fbef-3fb2-48d8-a54a-19e7e7a9e46c,minecraft:cow,true,Cow,[null]
160.78004891899218,65.0,-323.1588601479384,15eda69c-156b-4220-9bd7-b6b2601b9d6b,minecraft:cow,true,Cow,[null]
160.7553645303181,65.0,-322.19182125035206,2a4d84aa-c3dc-48fc-8351-b7978ab39f2c,minecraft:cow,true,Cow,[null]
160.69598961878535,65.0,-312.2083892503442,c74db6e4-fc40-4b04-8938-642d3a293dec,minecraft:cow,true,Cow,[null]
203.84884546173936,71.0,-330.8375451034844,208179f0-6ca1-4c49-9509-bd24983abbc6,minecraft:horse,true,Horse,[null]
208.1309884826226,64.0,-301.8815624362882,69d63d0e-462c-473e-95e3-89b45a1aa772,minecraft:horse,true,Horse,[null]
231.8562560236838,64.0,-328.10826081191675,a288ac7a-d6d3-4c00-a25b-688ca268ba4c,minecraft:horse,true,Horse,[null]
254.5406721483907,65.0,-280.7980791913502,ab166597-01ad-4828-b0f9-d3f5c2218d68,minecraft:villager,true,Villager,[null]
238.06471684465907,63.9375,-286.9625501006063,56656dc5-5a7e-4f05-9f60-baf4a8e35354,minecraft:villager,true,Cleric,[null]
238.85269908894463,64.0,-279.10636296852834,5325e8db-bf83-4db8-94cb-84b6c4c675b4,minecraft:villager,true,Farmer,[null]
184.01597431754277,65.0,-331.93211023718294,2d2ebe68-c7d3-4dfe-a2cb-67c97c277248,minecraft:cat,true,Cat,[null]
241.11782974646724,65.0,-262.8720443354243,bff020b6-7c97-4ca5-ba30-a130b6f534c8,minecraft:iron_golem,true,Iron Golem,[null]
262.45010831071886,80.0,-330.74287214359794,b7554105-6250-4e2d-8a1a-4a79bd61fd48,minecraft:cat,true,Cat,[null]
237.4446152512953,63.9375,-280.01845748694444,24f78224-a1a7-425a-9bcc-452a5dbc9b7f,minecraft:villager,true,Cleric,[null]
-2.4999965923711707,68.0,-316.30000001192093,42afb8b5-9ac1-4646-b120-0ae161eab64e,minecraft:wolf,true,Wolf,[null]
-6.0,68.0,-317.0,02c49e70-d330-4d9d-980d-2402dfed84d9,minecraft:wolf,true,Wolf,[null]
-12.348941969449221,67.0,-318.352273163465,3bd23770-de4f-4b82-9050-bba6ce96cc72,minecraft:wolf,true,Wolf,[null]
239.38633317191082,63.9375,-286.83452582400787,9f281895-96fb-4290-b7e7-3b8d7af4bb07,minecraft:villager,true,Villager,[null]
20.0,63.0,-2.0,00499e4c-332c-4562-a28b-bb2d67c15575,minecraft:sheep,true,Sheep,[null]
33.0,64.0,-366.0,407397eb-03f5-4179-8bd8-dc11b1434af7,minecraft:chicken,true,Chicken,[null]
40.0,65.0,-363.0,e2bf791d-ff5d-44cf-8f12-e0b79cfdc5c2,minecraft:chicken,true,Chicken,[null]
253.55000001192093,68.0,-366.4879169579558,dcaed64e-d8cd-43f9-8925-831e0a8df5f4,minecraft:pig,true,Pig,[null]
252.65226982655818,68.0,-365.4983628455098,0a019caf-b3c1-4e68-a849-19926a7d7c63,minecraft:pig,true,Pig,[null]
239.7948471634721,64.0,-356.79482276582013,7d49d8ac-a0cf-4a01-9891-134b1914cbdd,minecraft:pig,true,Pig,[null]
239.64671771497765,63.9375,-285.8461149237707,3aa3af80-fb48-425f-9baa-a48ca27cb3be,minecraft:villager,true,Nitwit,[null]
239.5061161764452,63.9375,-280.3262588611355,a6665a4e-e67c-4148-aa94-822aea2fddf7,minecraft:villager,true,Villager,[null]
240.20048586072647,63.9375,-280.5084404708094,3138d957-31fe-4cf3-8c64-ccbdf6731851,minecraft:villager,true,Villager,[null]
242.31587146309357,63.9375,-283.280702686266,0b4ef76d-3228-4986-bc4e-e4c005cf5366,minecraft:villager,true,Villager,[null]
239.5104653781179,63.9375,-285.159047786063,9898ad05-0baa-4764-8232-8ca446b1a86a,minecraft:villager,true,Farmer,[null]
301.50577584004304,70.0,-248.44999998807907,1debe21e-2c8f-4b56-9aab-e733db71bd01,minecraft:sheep,true,Sheep,[null]
285.1565978455748,69.0,-246.2111329326024,c52e7a13-fc34-4dbd-b5f2-fe9d32a7f5b4,minecraft:sheep,true,Sheep,[null]
254.21310889141535,66.0,-254.16664219451926,e290221e-1cbe-4fc4-939b-f60a437dc8e0,minecraft:sheep,true,Sheep,[null]
288.1619192026,69.0,-236.78021469484867,3f6adf45-73cf-4aac-851c-2d8fa2db06df,minecraft:sheep,true,Sheep,[null]
276.2049646756225,67.0,-244.22241059937085,946c7b48-f632-4af4-afde-19d98bb1533c,minecraft:pig,true,Pig,[null]
286.80861432708554,66.0,-205.80214281786522,0936a082-d3c4-421b-bebe-ef6704aea26a,minecraft:pig,true,Pig,[null]
286.55549564749964,66.0,-204.74913543361612,89662cc0-2efb-42e9-a492-d2fa081241c5,minecraft:pig,true,Pig,[null]
279.5947824003262,69.25220334025373,-197.50914532654107,b2efe597-a1eb-4169-909e-8de5b0adfafb,minecraft:pig,true,Pig,[null]
239.7396912326805,64.0,-287.7730728613027,c39f1e74-c670-47b9-b334-2a15fbdc863b,minecraft:villager,true,Nitwit,[null]
262.84539656608104,63.0,-120.92417344225078,a32645f5-824c-43b8-95a3-bc73fb35e728,minecraft:chicken,true,Chicken,[null]
256.9252570071581,63.0,-134.14784270387455,74fbe0ae-d106-44cc-bb68-dabbc6311efd,minecraft:chicken,true,Chicken,[null]
257.9056582629131,63.0,-129.8081837036149,21a94ced-8a84-4555-8265-fd196ccef952,minecraft:chicken,true,Chicken,[null]
275.1508884128516,66.0,-129.9145995180771,32b4ea53-897c-4c7b-b3cd-ae0372cc53d7,minecraft:chicken,true,Chicken,[null]
-56.197350934476965,67.0,-62.50330089342761,222e11eb-dbda-4165-9b27-069a60fdbabd,minecraft:cow,true,Cow,[null]
-50.509904958336264,68.0,-66.17672910087063,246bc8b7-6ac1-4472-886a-51e3a84221eb,minecraft:cow,true,Cow,[null]
-54.19325819425822,66.0,-62.262382872315236,8523e95c-324b-4094-af9b-b9bf2fe9800d,minecraft:cow,true,Cow,[null]
-42.845646759831304,69.0,-61.225703859451265,078b25fd-3f4d-451c-be2d-3cf50558c1c7,minecraft:cow,true,Cow,[null]
173.92477887950412,65.0,-332.85025960893887,e7ec89b8-2620-4b23-9376-daa1d5984256,minecraft:chicken,true,Chicken,[null]
174.86204266234466,65.0,-326.8618814654127,d380cad9-7f13-4bfc-bfa4-02cdaca5a4d1,minecraft:chicken,true,Chicken,[null]
176.85303965280255,64.0,-314.9267002296231,c64481a5-5ee9-43cd-9e29-7705cf4a7445,minecraft:chicken,true,Chicken,[null]
179.8347128533534,65.0,-330.86284098206704,71061d8e-f948-4e97-bc73-73a15b4937ce,minecraft:chicken,true,Chicken,[null]
180.16535210295046,65.0,-333.55593219411196,de766fd4-2f4a-4f3e-a4a8-a415e2e8f2c9,minecraft:horse,true,Horse,[null]
192.9187538941093,71.0,-340.1548138272727,9e16b7d6-7c2d-4b7f-81b8-ccd43fab025c,minecraft:horse,true,Horse,[null]
202.35953419475942,71.0,-333.09937122878813,a39f843a-f219-466d-b697-d46fb98eef1f,minecraft:horse,true,Horse,[null]
203.11302983476315,73.0,-340.8865012660506,794b7c0e-3a88-40e0-aeba-868232843c28,minecraft:horse,true,Horse,[null]
242.2498800005938,64.0,-285.5038016234339,32607130-5cc5-4b35-9485-882fef1f7758,minecraft:villager,true,Villager,[null]
240.84406513759063,64.0,-281.16351213907467,6fa0759a-5519-4dfd-a78f-7d4b9601239f,minecraft:villager,true,Villager,[null]
241.45434665517521,64.0,-280.85904223583515,b011e0a1-3d92-4223-93a4-83065dde5050,minecraft:villager,true,Villager,[null]
238.51920090484987,64.0,-286.1986478503591,e575f956-2902-4426-b1ff-3f287a4ff43c,minecraft:villager,true,Farmer,[null]
-13.0,66.0,-337.0,4e5dbaf9-4b38-47ea-b834-f124fde9ee4c,minecraft:sheep,true,Sheep,[null]
-15.16502200591243,67.0,-343.2302256642244,10766eec-5755-41e4-ba86-c311c14a229e,minecraft:sheep,true,Sheep,[null]
-13.512461724803453,66.0,-338.7553817971564,ada65a6a-49a8-463d-8dd5-34c15e1f5cab,minecraft:sheep,true,Sheep,[null]
-3.930223084555504,66.0,-347.22005759650693,6267b4a3-b27e-4d6d-a60d-edc624ec5641,minecraft:chicken,true,Chicken,[null]
-4.043735032569527,65.0,-352.1328726149237,2939ca63-854c-4746-a450-2690de8373b3,minecraft:chicken,true,Chicken,[null]
-2.9231429061243017,67.0,-341.90552813833517,52860214-9837-43df-ab9a-610f8ce74091,minecraft:chicken,true,Chicken,[null]
6.4171002080209805,65.0,-344.83061650864744,0ee7967c-d84c-4190-94e2-aad8bcb79833,minecraft:chicken,true,Chicken,[null]
243.0,67.0,-93.0,f8ab2862-d3b9-4cc4-ba3f-e7a47055beb8,minecraft:donkey,true,Donkey,[null]
241.396484375,68.0,-91.0,e9f0d0a5-243d-43ce-9d29-647ec2c0ec40,minecraft:donkey,true,Donkey,[null]
-3.0,66.0,-8.0,cb0a072d-aa04-42d8-92de-d4275c22bf1e,minecraft:cow,true,Cow,[null]
-66.0,64.0,-357.0,5bdca097-8fe5-4a62-82f0-19191eed6553,minecraft:pig,true,Pig,[null]
-65.0,64.0,-355.0,bb47f53e-88cc-464e-b9f8-7bd169773470,minecraft:pig,true,Pig,[null]
-66.0,64.0,-356.0,519a8f99-4926-4979-a993-3913324a48ed,minecraft:pig,true,Pig,[null]
-65.0,64.0,-357.0,d4bccc92-8380-48f0-8b65-2137ba236e48,minecraft:pig,true,Pig,[null]
277.44428226393705,65.0,-192.56456500687406,d7dd3d3c-ec24-398e-8ff8-26cd03724d0a,minecraft:player,true,elJotaBe,[null]
289.4675816928763,67.0,-228.05691510956711,35f11ca3-613c-42c6-9c2f-9570dfbe1d60,minecraft:chicken,true,Chicken,[null]
300.9513580498538,65.0,-229.56537144762305,dd68ad10-466f-4fcd-8035-6f936772d7e5,minecraft:chicken,true,Chicken,[null]
294.84445212941847,69.0,-239.44922538982527,8624ce63-ad62-4852-b2a6-4778215004a3,minecraft:chicken,true,Chicken,[null]
278.1916599719641,68.0,-242.0938773394131,a3323638-55a1-45d7-8d8f-3d4211b5e92e,minecraft:chicken,true,Chicken,[null]
-57.59709335125474,70.57908376488362,-215.3478909696341,c2d9caa9-5649-40e6-ad6b-c54d33c6b06d,minecraft:bee,true,Bee,[null]
324.8131042414337,71.0,-261.18687772907714,ecdcf7fc-15a0-4e68-99a7-a549a2335465,minecraft:pig,true,Pig,[null]
292.1727057890527,73.0,-326.63064557108095,ccba4b67-c684-4ee4-995f-d343aea14c52,minecraft:chicken,true,Chicken,[null]
285.5184249537907,76.0,-328.87327314356725,5f5051f4-4080-47df-8705-cde382abb2bb,minecraft:chicken,true,Chicken,[null]
126.30000001192093,58.0,-78.52482701612469,a07e0cfd-1d24-3714-8c6f-5e84056ac327,minecraft:player,true,notfabripe,[null]
360.0,63.0,-247.0,3ae958b3-2d63-4249-8637-0611147b4486,minecraft:sheep,true,Sheep,[null]
365.8378896976033,64.0,-290.83786693555743,9848e635-066d-4947-b914-f34d953ea87e,minecraft:pig,true,Pig,[null]
287.89247392903735,69.0,-77.900866216844,87efe1de-6f27-45fd-879c-a288d1ad8006,minecraft:chicken,true,Chicken,[null]
299.0,68.0,-84.0,dcc28842-2c0b-4445-96e6-757aa2442d58,minecraft:chicken,true,Chicken,[null]
308.15765112329103,69.0,-80.77872827466474,92ac5657-74f4-4135-ae57-4cbdc2adb861,minecraft:chicken,true,Chicken,[null]
306.0497111315613,69.0,-81.73435045977007,7d90b752-c359-444d-b9cb-df285f6eb4b9,minecraft:chicken,true,Chicken,[null]
315.0,70.0,-60.0,9fafc4d6-3ed5-4d72-bace-7d2e039b6a4a,minecraft:pig,true,Pig,[null]
176.86839046972835,76.0,13.216386222436627,3696cb94-a801-4fe9-9130-4efec411c8cf,minecraft:chicken,true,Chicken,[null]
182.5253410800917,76.0,7.050201617375344,b1a4b82c-0fcc-44be-b3f4-95da3575edb1,minecraft:pig,true,Pig,[null]
183.56992642414318,76.0,7.031131188841695,6e4fe5f6-a256-413e-ab9f-ff522c30f096,minecraft:pig,true,Pig,[null]
182.74634599459097,75.0,15.42367848889886,72a89097-4a46-4137-a8ae-d6a6bb507708,minecraft:pig,true,Pig,[null]
187.55000001192093,74.0,3.550000011920929,ac952b6e-a485-4f32-a489-124b06646f99,minecraft:pig,true,Pig,[null]
172.2630942562795,76.0,12.809235380115155,9f62284f-d955-4b08-bf59-09aad600dc38,minecraft:chicken,true,Chicken,[null]
160.78616085010614,77.0,7.5222337323733255,5e702c87-b2b2-4d4b-87ed-12534fc38762,minecraft:chicken,true,Chicken,[null]
171.0,77.0,15.0,73e7a040-b192-40ab-8dea-2661ce07c582,minecraft:chicken,true,Chicken,[null]
170.38338520051522,76.0,17.93403815628836,edd47c51-36a6-47b6-ab21-7a58544db508,minecraft:chicken,true,Chicken,[null]
176.0764474493212,77.0,17.144616816005676,64c3ca72-7ea6-4d8b-82ff-a78628b63bff,minecraft:chicken,true,Chicken,[null]
56.35117138044923,64.0,17.645980200067562,c998a778-7edb-4ee7-8666-0e675135eda6,minecraft:wolf,true,Wolf,[null]
277.80276769418873,69.0,23.510955142233865,da0d11c5-915e-4491-9d26-7d659173be04,minecraft:cow,true,Cow,[null]
289.83537204054346,70.0,12.835330523371434,b72cb718-dbf4-46ac-b76e-9143c8a7d40e,minecraft:cow,true,Cow,[null]
287.81490914487046,70.0,17.837547712571663,3fa0410f-66be-4815-bf3b-6912a3dd1a95,minecraft:cow,true,Cow,[null]
291.5522212446012,69.0,22.80521652585789,adbc2c4d-3da1-452c-b23f-53ced1f6290a,minecraft:cow,true,Cow,[null]
306.33476918063326,48.0,-195.47084505505308,abba2dbc-e4d7-4131-9037-55217d1b1535,minecraft:item,true,Glow Ink Sac,[null]
262.875,66.0,-277.25083823267704,ed1590b6-f1cb-4942-b331-e6c64e816341,minecraft:item,true,Oak Sapling,[null]
176.56120644666476,62.47450746085029,-109.59255353943419,52153f9b-7912-47c0-aedb-cf664dc76be0,minecraft:salmon,true,Salmon,[null]
263.875,66.0,-276.1379134198863,6b1a884f-b2b9-4032-af94-9080ea41e2f7,minecraft:item,true,Apple,[null]
232.31936756556252,50.41870615977248,-169.12431595487985,7fd907db-6226-4b1f-ae72-615f39912b4f,minecraft:item,true,Glow Ink Sac,[null]
213.5,17.0625,40.5,d334f9bb-4998-4821-98c9-2f4c898a8df4,minecraft:chest_minecart,true,Minecart with Chest,[null]
172.89777459582865,67.0,37.825623544944605,911bcba9-d866-4ccc-815f-da921ed2af97,minecraft:chicken,true,Chicken,[null]
181.1769077236451,68.0,36.58550360025815,4424ad10-a6bc-4c86-9e6a-d61ad164d657,minecraft:chicken,true,Chicken,[null]
173.0,64.0,44.0,1d724a0e-307a-41a5-b613-f14ffa196fbf,minecraft:chicken,true,Chicken,[null]
180.55432412799067,70.0,33.88116573774468,9c681efd-9d57-4fd3-a77b-70fbf4cd94e2,minecraft:chicken,true,Chicken,[null]
138.23097481832883,43.0,-86.26967859547072,0bce2005-9dae-421c-a8fc-be5b193f1cb9,minecraft:skeleton,true,Skeleton,[null]
122.23586176340281,43.0,-81.43848052691322,e25eaf9a-6959-4cef-8fd5-135f55224a9b,minecraft:zombie,true,Zombie,[null]
290.0,70.0,58.0,6c5bcb6b-a868-45ad-8dfe-165e987294d6,minecraft:pig,true,Pig,[null]
218.5,14.0625,59.5,1a3e022d-86cf-484d-a0b4-35fc1a469669,minecraft:chest_minecart,true,Minecart with Chest,[null]
133.26571317511906,46.0,-97.49005464159637,0b4e487d-cd91-4853-8257-f2ba9881466d,minecraft:zombie,true,Zombie,[null]
146.4971107849935,46.0,-96.19099882682147,14356502-ce18-4c42-bbda-8c3f89b3ed46,minecraft:zombie,true,Zombie,[null]
-48.026991853427695,71.99807777466273,-228.65000000596046,20c7bff0-1863-4418-a3ee-6b9ce409269a,minecraft:bee,true,Bee,[null]
-48.03869956557615,74.07389615150926,-216.94281256194571,a8685e45-5f3d-4bc2-b353-96e79a352bef,minecraft:bee,true,Bee,[null]
122.25,17.100000023841858,-67.47095839141244,3f14b064-a47a-448c-87ca-10313957e846,minecraft:bat,true,Bat,[null]
230.11781113033206,67.0,65.87820704704585,6f60da30-71b8-4672-8891-d70fc3b58612,minecraft:chicken,true,Chicken,[null]
226.76011211469904,67.0,71.1665720589827,681ca2ed-e46c-49e0-a7fa-04d7dcbcdeec,minecraft:chicken,true,Chicken,[null]
227.1934766907035,67.0,76.09785684193781,0dde00fc-7c6d-4e57-8f2e-1d7ebbca4593,minecraft:chicken,true,Chicken,[null]
229.0,67.0,69.0,870d4504-8865-41c1-a064-d84db5b94d9f,minecraft:chicken,true,Chicken,[null]
193.5,15.0625,71.5,a11ff623-70ac-4b03-9e55-784f87e379ca,minecraft:chest_minecart,true,Minecart with Chest,[null]
264.0,67.0,84.0,bc5e822b-be95-430a-8e06-34a0f338b9bb,minecraft:sheep,true,Sheep,[null]
266.0,67.0,87.0,c2f3f26f-16ce-4b88-97ac-d11d737f6a9e,minecraft:sheep,true,Sheep,[null]
265.0,67.0,83.0,80a07d7f-15f2-40b3-8b6f-b34c4f1d7095,minecraft:sheep,true,Sheep,[null]
268.0,67.0,82.0,e5969eb2-656e-4177-9c5b-d9d3aed62a8c,minecraft:sheep,true,Sheep,[null]
290.5,54.00999999046326,83.5,93a3ca82-0b9d-4678-8d93-942ff7c87c80,minecraft:falling_block,true,Falling Block,[null]
291.5,54.00999999046326,82.5,7a4987d5-f927-4102-beb4-670ba7176d7a,minecraft:falling_block,true,Falling Block,[null]
291.5,54.00999999046326,83.5,fd6d36f3-eadb-4a1e-8782-011f8bb5aeb3,minecraft:falling_block,true,Falling Block,[null]
292.5,54.00999999046326,81.5,b080ee4d-dd17-4a67-a1d7-374fc50130b6,minecraft:falling_block,true,Falling Block,[null]
292.5,54.00999999046326,82.5,8e7e1f68-e2b6-4a81-af17-f9a9fda59ffc,minecraft:falling_block,true,Falling Block,[null]
292.5,54.00999999046326,83.5,9dc0b622-6dea-409f-a321-597e639b05a8,minecraft:falling_block,true,Falling Block,[null]
293.5,53.00999999046326,81.5,98cc53f5-96d7-4f87-9dd3-f2a518d24910,minecraft:falling_block,true,Falling Block,[null]
293.5,53.00999999046326,82.5,e6aeca77-a982-4bf5-8d9d-a389e5e52f1f,minecraft:falling_block,true,Falling Block,[null]
-31.100000023841858,69.0,92.0,cc99d77d-1446-449c-8b12-731a720b862e,minecraft:sheep,true,Sheep,[null]
-29.0,68.0,91.0,15defda0-378a-4684-a4ff-3e73f1f2cd69,minecraft:sheep,true,Sheep,[null]
-24.0,67.0,91.0,2e9536ea-0f77-48bd-b46a-a54084d3432b,minecraft:sheep,true,Sheep,[null]
84.36252160528933,56.0,-77.63810726434842,aaacb1bf-c02c-41d9-9239-ba7d861e07c6,minecraft:enderman,true,Enderman,[null]
72.2062441563779,77.06832292868292,80.02562246839149,4df08d28-a532-440d-8849-de396bf9db94,minecraft:bee,true,Bee,[null]
72.20432987812245,76.6891781850016,80.08640960981369,28811424-1cd0-405d-8ea9-2a639e273c2b,minecraft:bee,true,Bee,[null]
68.60508889306344,75.0,80.08093389402774,77bad690-53d8-435a-afb3-cc2e5d2a9937,minecraft:bee,true,Bee,[null]
-48.02900376958018,74.00173004968003,-233.1012199572143,4c2fd010-5bee-4a55-9aca-768f0f87842b,minecraft:bee,true,Bee,[null]
-48.00421143652645,76.79826052286957,-211.34347460268455,e16d715e-9383-4c57-b8bb-6398032526e6,minecraft:bee,true,Bee,[null]
148.69999998807907,46.0,-171.68875520705828,bde806cb-976f-4387-b883-823df8aace84,minecraft:skeleton,true,Skeleton,[null]
131.4035033965027,22.42449367581055,-361.4105796247705,e84a6004-c75c-4b13-9dae-375fb48efa2d,minecraft:item,true,Glow Ink Sac,[null]
44.45459480304372,75.0,-134.0767956923135,536cc488-2260-4fc6-804f-2cf41c13ab81,minecraft:item,true,Egg,[null]
130.44759777637466,22.74165752832343,-363.26319200595464,6813c864-6713-4622-b324-eab5a5fbda21,minecraft:item,true,Glow Ink Sac,[null]
325.3633232092396,68.0,-129.09015882605263,9d8e9ccf-129d-4561-8194-56c92a46d878,minecraft:chicken,true,Chicken,[null]
320.79756522009524,67.0,-133.84261758901803,14bcd50f-26f7-4e88-9279-450af06a919c,minecraft:chicken,true,Chicken,[null]
329.1231510693226,67.0,-132.81604892041662,ff899199-c074-4f4e-9488-eeb602682214,minecraft:chicken,true,Chicken,[null]
134.4726943616754,24.0,-80.74407597735114,66c83066-f657-4f87-8f51-9f7fbe91c540,minecraft:item,true,Glow Ink Sac,[null]
114.15974528096683,40.0,-190.52759926567794,c436b911-d5f8-4b13-b864-9041ef743d75,minecraft:item,true,Glow Ink Sac,[null]
155.72770280516718,44.0,-90.55198176277737,066523a6-9050-436d-866a-9bcbde641193,minecraft:skeleton,true,Skeleton,[null]
150.76689161979138,44.0,-87.80675757453218,c8523edf-342d-4fcc-9857-5357040d4d79,minecraft:skeleton,true,Skeleton,[null]
335.930078243858,66.0,-126.50082177102206,4ddac26f-a6f4-4841-8f5a-3bfa8d8596ea,minecraft:chicken,true,Chicken,[null]
178.6535602266771,62.512936729385096,-109.52738993653848,af7ba855-ac11-40df-91ea-2a5e3105a6f1,minecraft:salmon,true,Salmon,[null]
342.8822211562649,68.0,-99.76530947354357,5742b31a-85bd-4678-a740-f0ffcdc7b795,minecraft:chicken,true,Chicken,[null]
350.3672604496394,67.0,-97.45251108220994,035d208c-1668-466e-b510-4976af2cce01,minecraft:chicken,true,Chicken,[null]
320.27260610240836,70.0,-64.49272366465983,d48ac2f9-ee1f-46fa-b17e-97891fa67478,minecraft:pig,true,Pig,[null]
174.14085173507127,65.0,-332.4843336249624,7d276d43-a1e2-43ba-a80f-b577010bce60,minecraft:item,true,Egg,[null]
290.51936102117617,24.0,-181.18832214934324,cba33bd8-02c7-4a5e-a1a5-0529871539da,minecraft:zombie,true,Zombie,[null]
334.0,82.0,-41.0,8372ca1c-2a0e-4c25-81fb-107a126026cc,minecraft:sheep,true,Sheep,[null]
333.24945153253265,82.0,-38.870746210304695,0a1a2d7c-9c11-4e4d-b582-a567015d1a85,minecraft:sheep,true,Sheep,[null]
274.83560378207653,65.0,-154.125,d5722e6d-1f99-4ab7-bcfd-c80b85e4ef6a,minecraft:item,true,Egg,[null]
137.5591250308912,61.99889021701404,-56.15633655576691,e07812b3-70ba-4339-aedc-821231173963,minecraft:salmon,true,Salmon,[null]
112.48705883913601,53.10000002384186,-67.711279855902,4c2f69ae-cc78-4e67-9343-37ed6c4dc433,minecraft:bat,true,Bat,[null]
141.70976425159495,45.0,-95.50016762543719,bda2d0cd-76e7-499e-a755-a2d42c7e3ba0,minecraft:skeleton,true,Skeleton,[null]
279.5,22.0,-129.5,b6fce6ac-7be6-401a-8e36-d54fcd24f346,minecraft:skeleton,true,Skeleton,[null]
258.4408241299314,63.0,-129.98579013742622,ab6d98ae-0509-4cf4-80f7-98ee536f31d4,minecraft:item,true,Egg,[null]
370.083791129565,63.0,-203.875,f2897b4e-4444-4f96-96cb-bf0a13e41817,minecraft:item,true,Dark Oak Sapling,[null]
306.30000001192093,53.10000002384186,-168.30000001192093,0cef25d0-014a-4873-9b10-cf676eafd859,minecraft:spider,true,Spider,[null]
260.134808335077,66.0,-279.9683417363094,de5f9f80-ee54-4e2e-b88e-477d989a85b8,minecraft:item,true,Oak Sapling,[null]
410.5062920024322,63.0,-109.71392244131422,88e8bc5b-6d9c-4ab1-94ec-d1ed61288dac,minecraft:sheep,true,Sheep,[null]
419.24973238831666,63.0,-109.81073689700683,78219d60-a792-4146-9cdc-4f84fda04b63,minecraft:sheep,true,Sheep,[null]
402.5007595589092,65.0,-115.74367180908847,b78480d8-909e-466b-9891-87bea2338366,minecraft:sheep,true,Sheep,[null]
133.24990076711757,79.0,-87.73281945309623,1827fd40-059a-44c7-8465-ed7dbaea1585,minecraft:item,true,Apple,[null]
158.75,20.100000023841858,-110.25,b0971da2-a08b-4d0f-81fa-fe794e5abaf8,minecraft:bat,true,Bat,[null]
120.39544185110194,36.10000002384186,-83.25,80fb744d-ff97-4870-b8ba-e6085ff6f772,minecraft:bat,true,Bat,[null]
89.32487826832936,36.75549794026631,-102.80049514206645,ba62df9f-2a03-4e7f-ae85-6f8f241a08b9,minecraft:bat,true,Bat,[null]
299.4988916213875,43.0,-153.18389267433528,2aa6cab5-5b13-4f29-ad15-9a6ad52440f5,minecraft:zombie,true,Zombie,[null]
416.84469757151305,63.0,-126.79313504882317,e4cd9527-3164-4b47-b80e-4a81155df4df,minecraft:sheep,true,Sheep,[null]
425.26749466198413,63.0,-137.22214671207612,6ac2e89c-8219-4c94-8287-fc895e4c8784,minecraft:sheep,true,Sheep,[null]
413.847617501631,64.0,-141.1940278300897,95161892-0eb6-4859-b8ce-3cf4bb21c1a9,minecraft:sheep,true,Sheep,[null]
417.2049923128376,64.0,-141.30431891503852,3a73d2a5-9601-49b7-a49a-d9ef0d6c34a6,minecraft:sheep,true,Sheep,[null]
417.0,64.0,-143.0,5d00be6f-b12d-45ad-bb23-2c04e1e04f5a,minecraft:sheep,true,Sheep,[null]
416.5959858462673,64.0,-137.89311636141457,35e572f9-b191-4bca-a16f-00ad1a1e3281,minecraft:sheep,true,Sheep,[null]
414.51090634305524,64.0,-145.2583961441744,bdfda844-6916-4dc6-b236-8483427eba3e,minecraft:sheep,true,Sheep,[null]
428.0,63.0,-99.0,8e4a083a-b87c-4d2a-a572-ad51934923f2,minecraft:chicken,true,Chicken,[null]
424.0632083309963,63.0,-102.79250588715178,e7523c7c-255b-4432-8fb7-29bae7dfc943,minecraft:chicken,true,Chicken,[null]
423.89298716988213,63.0,-104.13845509128723,2eae77ae-01db-4e4b-973a-b752bf158585,minecraft:chicken,true,Chicken,[null]
97.5,27.0,-64.5,bea9e326-53b6-4cb9-bdc8-dd22a0c8ce47,minecraft:skeleton,true,Skeleton,[null]
217.5,22.0,-24.5,4da60b69-eed9-4fdd-8cb5-3c036e208242,minecraft:zombie,true,Zombie,[null]
175.49599149570983,62.03179429167728,-106.70782748164292,2dae1e2a-e533-453c-b3b9-22ada0b386aa,minecraft:salmon,true,Salmon,[null]
269.64842144649964,21.100000023841858,-133.25,9143d81d-39b8-4675-8dd4-28828cf8e8ad,minecraft:bat,true,Bat,[null]
184.49937834418537,62.6961889760593,-104.49650746922116,488cc615-d3d8-4d4f-b813-8cb1cb19e369,minecraft:salmon,true,Salmon,[null]
287.8383012396337,23.100000023841858,-204.9877385302991,f5860f52-ded1-4f76-85d7-9e47ea0fffca,minecraft:bat,true,Bat,[null]
233.15042982809246,58.2992906041909,-134.06105788145214,092380b7-3772-4eb3-bda4-4b75f064f2c3,minecraft:squid,true,Squid,[null]
133.875,76.0,-90.125,301faffb-027a-4dac-846f-8df24e781053,minecraft:item,true,Apple,[null]
119.75,40.10000002384186,-91.35504240649614,9824126e-7409-4164-b513-5c036b211e7c,minecraft:bat,true,Bat,[null]
63.5,37.0,11.5,fe04d836-045a-43fa-a6fb-477cf6389345,minecraft:skeleton,true,Skeleton,[null]
298.4999950297099,13.0,-236.34358840221472,80f00c69-149f-41db-bff9-e1e3d07bd48c,minecraft:zombie,true,Zombie,[null]
89.5,58.0,-118.69999998807907,b5c0cd2d-0436-41ba-89b3-dc6f349fb68f,minecraft:zombie,true,Zombie,[null]
68.22906381520443,11.426280756850307,10.51468951255083,60f9e61a-9cd4-4128-9f01-7c16f991c8ed,minecraft:glow_squid,true,Glow Squid,[null]
181.5,26.0,-75.5,43c88dcc-a39c-469f-a261-2974296a8b5d,minecraft:skeleton,true,Skeleton,[null]
157.44983322161482,19.0,-118.4874658752027,9b4b55bc-279b-422d-902a-2348f01c82a5,minecraft:item,true,Glow Ink Sac,[null]
140.74414357801285,50.0,-91.5325337949559,46627609-19c0-441a-a8d6-fc5c210c25f6,minecraft:zombie,true,Zombie,[null]
132.22665991811334,20.0,-117.7577493834415,dd5dcd6c-f9fd-4d33-87c0-4e068d6ec54b,minecraft:skeleton,true,Skeleton,[null]
125.5,21.0,-124.5,afb24109-6f61-4068-9e41-84b67e5c2b68,minecraft:skeleton,true,Skeleton,[null]
131.84691680396043,78.0,-91.03547350829375,4d70217e-d221-426d-b22e-ab550cd25014,minecraft:item,true,Stick,[null]
291.21930996203287,75.0,-343.11665571467944,48ff74e8-b943-4559-a371-737d8a5c12e8,minecraft:chicken,true,Chicken,[null]
283.84619459994775,77.0,-329.87807950244814,80c9da86-ceac-4396-b594-1336d7d821ab,minecraft:chicken,true,Chicken,[null]
342.1592113998861,70.0,-355.7759826526697,174853a1-5b4c-4336-aef1-ef314c2cc7c6,minecraft:chicken,true,Chicken,[null]
335.85697746070196,71.0,-346.72632666068574,d1fe3bcb-51cd-4c51-8fe4-cde5a8e5efd4,minecraft:chicken,true,Chicken,[null]
333.8589029045673,70.0,-358.51551383249705,47fd9601-7ca9-4d31-b7e8-fad90071d0df,minecraft:chicken,true,Chicken,[null]
276.65891597063415,55.0699677867771,-166.35826188256004,fb2d56eb-8802-46ad-a277-b1486bd2304a,minecraft:bat,true,Bat,[null]
271.16866052764686,56.1787702067888,-174.06012013883173,386b03c3-c769-4f95-a311-37568ec2d16d,minecraft:bat,true,Bat,[null]
95.125,86.0,-137.8858501337174,7a2aca9d-2c98-45de-9fd8-99a66af9051d,minecraft:item,true,Egg,[null]
190.5,60.0,-223.5,5f1c7ac5-f3bd-4097-8ede-65f3c4abeccc,minecraft:zombie,true,Zombie,[null]
90.26423669817311,37.0,-143.2058535403444,c8504a8b-4b0e-4cff-a44f-88dba2320c86,minecraft:zombie,true,Zombie,[null]
74.76938498083632,36.0,-89.4986105787587,668c1da7-37d6-48b2-960a-ebd34e98b18b,minecraft:zombie,true,Zombie,[null]
276.87043546095066,22.0,-144.22326005506625,7463dcad-a513-4335-9f57-41088ca16194,minecraft:creeper,true,Creeper,[null]
280.30000001192093,22.0,-140.30000001192093,127840dc-0626-43e9-8af7-c24cd344f085,minecraft:zombie,true,Zombie,[null]
303.5,18.0,-115.5,09854113-3654-4964-96a2-d1f6b5c8a450,minecraft:skeleton,true,Skeleton,[null]
200.75,25.100000023841858,-134.25,f71ca1c6-2607-477d-96af-b7d27863790b,minecraft:bat,true,Bat,[null]
124.40000000596046,32.0,-85.58761091530323,ec0c0c14-947b-4818-8d41-43e9abf502ad,minecraft:glow_squid,true,Glow Squid,[null]
288.72657168302436,67.0,-228.99321378352957,647aa19a-c10e-45d0-998b-87bd5de580f1,minecraft:item,true,Egg,[null]
139.41932873155739,69.0,-68.13170819788776,702924a2-7e98-498a-bcbe-a308c0fcad48,minecraft:item,true,Oak Sapling,[null]
47.854792856732544,32.0,-101.16014039592821,79d5d3cc-93ee-47f0-aace-f2e8be9df010,minecraft:creeper,true,Creeper,[null]
256.2241147406524,63.0,-134.63020454465038,b2474006-f2d6-43f8-a25a-8f12e0ec87c3,minecraft:item,true,Egg,[null]
160.00919572052737,77.0,8.067462234316348,5affe17a-569c-47d2-b935-149bcbe7dbb8,minecraft:item,true,Egg,[null]
170.6993103750456,76.0,17.24218710572878,35a7de5f-6184-49b5-a5b2-d8bbe8561ea0,minecraft:item,true,Egg,[null]
208.83879379529182,15.0,-39.56694620160669,60be166a-fdcd-4dca-aae2-e52f9a0dc13f,minecraft:skeleton,true,Skeleton,[null]
199.73148295650256,19.0,-42.48849059944811,67c0b877-4b36-48d5-ab45-b4c9b4eb4ed4,minecraft:skeleton,true,Skeleton,[null]
147.0900428579189,61.01482744561508,39.400000005960464,62483f6c-1111-4b22-a25d-d886663b1c86,minecraft:squid,true,Squid,[null]
149.93058812228617,62.33334890031256,41.392831509960956,bbd2804a-8eba-4dc9-a8dd-c656e76ab525,minecraft:squid,true,Squid,[null]
171.75604387244636,76.0,13.741218647018293,8ccbc82e-fe51-443b-973c-9fdf5554845e,minecraft:item,true,Egg,[null]
197.8184974215395,25.0,-195.50570580639817,f40519a6-d327-4ead-86ed-0ba495384257,minecraft:creeper,true,Creeper,[null]
198.82537621588475,25.0,-188.4824129695464,40b02874-ea48-4a08-ae26-5f481914a267,minecraft:creeper,true,Creeper,[null]
180.5,44.0,-200.5,8c9f0f56-f50b-4eb2-b8c0-dc894073c965,minecraft:skeleton,true,Skeleton,[null]
214.5,59.0,-95.5,00cb0bea-3dcd-4608-b28d-f27e23cfeeef,minecraft:zombie,true,Zombie,[null]
286.1639715691806,48.0,-115.16451648898058,399c956d-18d3-43c8-b0c8-d2a44222e769,minecraft:zombie,true,Zombie,[null]
334.90780206813497,11.445465394039514,-143.51205705152825,6f510762-0a0d-448e-bb27-8d770da2bd7f,minecraft:glow_squid,true,Glow Squid,[null]
62.5,48.0,-90.84177559706876,282415db-6296-4036-a594-4a4de755e4ec,minecraft:creeper,true,Creeper,[null]
283.73791506790104,57.0,-142.22735303342654,68492c11-d32e-4195-ad18-a1a4f0fe72f5,minecraft:zombie,true,Zombie,[null]
315.2645925609322,21.0,-174.23851267692808,5abb2d27-18a5-4ca7-90bf-900d06312557,minecraft:skeleton,true,Skeleton,[null]
313.2358363574311,21.0,-169.48800947996392,43eb42a6-c08e-4b62-ae29-5c07f1c856f0,minecraft:skeleton,true,Skeleton,[null]
311.53781947698553,21.0,-168.35644805392198,f4870a38-3cda-417d-bdea-d8bc9a2c1efd,minecraft:skeleton,true,Skeleton,[null]
139.125,71.0,-71.34084221537036,444fb48e-9394-4d85-8e87-e0915e679994,minecraft:item,true,Oak Sapling,[null]
226.10736777819693,60.73288836493157,-112.17888599541038,6e359205-5ad8-4a3e-a500-f1f81870852a,minecraft:squid,true,Squid,[null]
221.9277438558638,61.14976874599233,-105.51877967850305,f243639b-c1bf-4bae-955c-4e85a6c0aad2,minecraft:squid,true,Squid,[null]
234.59999999403954,60.0,-107.40000000596046,06338b91-17ff-432a-9739-b420edf31698,minecraft:squid,true,Squid,[null]
171.120461074637,77.0,14.163382691926294,8e1f43be-f360-4980-aeac-89335e5df6b6,minecraft:item,true,Egg,[null]
53.10418611723303,28.33914124183367,-81.96142227165566,dd839a12-9ee2-4268-9ce7-857452625008,minecraft:bat,true,Bat,[null]
280.45368208406524,26.0,-191.21719686974393,8ccb523b-4219-485c-8255-85c1ff0927d6,minecraft:creeper,true,Creeper,[null]
312.40000000596046,25.0,-165.40000000596046,d2726931-1f8f-4c9d-870c-11e8df01a946,minecraft:glow_squid,true,Glow Squid,[null]
164.5070322824,43.0,-175.22085653154508,8dfbbe3e-c057-427c-acd2-4e355f2e64a7,minecraft:zombie,true,Zombie,[null]
285.6296864010064,31.0,-164.30000001192093,52f82764-cec2-4e84-bb18-edd77b72d84a,minecraft:spider,true,Spider,[null]
290.17159430913347,33.0,-166.46795829905102,cd944d5d-b042-4240-b498-52053ab8b6ec,minecraft:creeper,true,Creeper,[null]
283.5473439383974,33.0,-170.17499542165592,d7df46d9-88c3-4f6e-81f1-20d2ddb63368,minecraft:creeper,true,Creeper,[null]
338.23596933858556,27.0,-213.5302281087063,93d7259c-e718-47be-b7c4-f7cdd24dd2c4,minecraft:creeper,true,Creeper,[null]
343.40799392277773,26.0,-201.85338257032873,dd20d9c3-07aa-42f7-8f9c-9690895c73f3,minecraft:creeper,true,Creeper,[null]
340.3021324981228,28.0,-211.3234286756734,28392de5-79e5-470c-86f0-77b7cafb3d5e,minecraft:creeper,true,Creeper,[null]
246.95725516799203,33.07199236468052,-122.51918412640596,48549bb3-1ddf-42db-9eb5-432bcdd80a88,minecraft:bat,true,Bat,[null]
108.26325630332711,15.149689643849337,-144.75119231848254,fb8af47b-2549-48a7-b6b9-ffe526f67f9a,minecraft:bat,true,Bat,[null]
285.5,32.0,-166.5,3ccf4217-c958-47a2-9302-8403fef9c319,minecraft:zombie,true,Zombie,[null]
279.7890410502497,31.0,-170.2567332722557,e9941dae-2d5d-452d-af6d-547e42dadca7,minecraft:zombie,true,Zombie,[null]
100.19983395695664,28.0,-84.14884244867649,9ea63299-4804-4721-bc80-431733bdc835,minecraft:creeper,true,Creeper,[null]
124.5,44.0,-137.5,44ac850b-10cb-4e9e-9466-44e416cce7f9,minecraft:enderman,true,Enderman,[null]
207.50164974901196,45.86315332119962,-22.625,77291a67-6d91-4b42-bc02-1a07712557aa,minecraft:axolotl,true,Axolotl,[null]
207.29959869291937,45.981445577046095,-22.375,0227c508-777f-4b6b-b0cb-894fbbe1391e,minecraft:axolotl,true,Axolotl,[null]
205.55304832411193,45.99923834819013,-21.375,f0ce92cd-bc64-4548-b97a-82c8bfa53d13,minecraft:axolotl,true,Axolotl,[null]
300.5,21.0,-235.5,e8a84eaa-477f-47e3-a2b4-ace56a4f91a9,minecraft:skeleton,true,Skeleton,[null]
152.5,50.0,-193.5,2e975474-701d-4b66-b25c-3b387c457af5,minecraft:creeper,true,Creeper,[null]
120.54850368186251,39.1511492055754,-31.015438058002143,e3e87867-67c4-4618-ab6a-8019a4365ea1,minecraft:bat,true,Bat,[null]
160.69999998807907,18.0,-113.30000001192093,e2fea61c-5827-4e33-86af-fdbc397a3025,minecraft:creeper,true,Creeper,[null]
166.2566160815883,20.0,-112.43353203631763,c1d73718-91e6-49d1-9d3f-b96992cd737d,minecraft:zombie,true,Zombie,[null]
20.826972646852916,30.0,-128.51923669444201,5987f29c-9d51-47d0-9d27-aa0248e17cd9,minecraft:creeper,true,Creeper,[null]
138.16578065675057,41.0,-187.6916124213988,b77b5a8e-0a57-4da9-b486-54536af3e284,minecraft:creeper,true,Creeper,[null]
138.20046963814787,41.0,-187.07251355246882,e58e0291-97fa-4f5e-b1ed-c9cf9a16ad5c,minecraft:creeper,true,Creeper,[null]
111.5339142519686,32.0,-78.83273790817626,2bda7aa3-ab79-4dd8-8376-aa1ac08268ba,minecraft:creeper,true,Creeper,[null]
109.83492729359065,31.0,-79.76366133806911,9dcb9b38-301d-454c-a254-55c124a4f39a,minecraft:creeper,true,Creeper,[null]
112.55726959573046,33.0,-94.20297282196849,59f08816-535e-4572-a064-f4269f16cbde,minecraft:creeper,true,Creeper,[null]
159.5,44.0,-82.5,f76126c2-3dd8-47ae-b0c3-eb64189a8632,minecraft:creeper,true,Creeper,[null]
152.1298016253626,44.0,-91.2508449183696,0a4dd362-5ea4-419f-8aeb-826436f7c0d4,minecraft:creeper,true,Creeper,[null]
152.64701530315185,44.0,-87.36365034397143,7d51d704-323a-4248-93c2-6e03cf6a1cf9,minecraft:creeper,true,Creeper,[null]
152.86027045280332,44.0,-90.19220537116489,d0a86cb7-5c12-4323-bd84-0e8dcca71669,minecraft:creeper,true,Creeper,[null]
359.5219171107882,33.0,-205.22976852682896,33fafc6f-b40a-4ec3-9a84-a545d64b1a96,minecraft:skeleton,true,Skeleton,[null]
353.30000001192093,31.0,-194.30000001192093,9d4bba59-3d49-4e4d-aed4-e9c40860ee57,minecraft:skeleton,true,Skeleton,[null]
358.6796950860019,33.0,-196.76488637707195,b7154eee-2aac-4145-ba8a-b050e7e694dd,minecraft:skeleton,true,Skeleton,[null]
359.5,33.0,-202.5,62c17494-28bb-456c-a98c-405d22a89460,minecraft:zombie,true,Zombie,[null]
311.25,38.67979221295658,-143.75,2a16aa8f-62ef-45d6-84f0-552d62078008,minecraft:bat,true,Bat,[null]
296.9958233904684,48.10227709988643,-129.16780971629805,7b2b9e80-3796-47e6-9016-1b195fd23274,minecraft:bat,true,Bat,[null]
288.5,20.0,-169.5,2469b619-3f97-45d0-8dc9-155826378e22,minecraft:creeper,true,Creeper,[null]
283.8010782337035,22.0,-176.24474821194156,e4eee3d7-0bd9-4f6b-a306-faf879db7f78,minecraft:skeleton,true,Skeleton,[null]
146.74636733036564,39.0,-105.53707542315269,215b5748-c73c-4ab3-9b47-dce6676a35fd,minecraft:zombie,true,Zombie,[null]
147.30000001192093,37.0,-110.45499219847613,41d7f0cc-7399-4996-ab79-af642d74621f,minecraft:zombie,true,Zombie,[null]
153.23105127464888,32.0,-118.72548504761106,7ec98e55-25bf-449a-bee4-4c0956285c75,minecraft:zombie,true,Zombie,[null]
138.872857512001,70.0,-69.50689142646283,34be42ca-964e-4475-a64d-8ef739815591,minecraft:item,true,Stick,[null]
47.198830793349074,65.60808340452908,-56.96090715086949,01184a3e-6cf7-4321-9819-550d00770761,minecraft:bee,true,Bee,[null]
179.07360692657548,65.0,-331.52030408376845,314b10c7-0b1b-4d9c-a5c3-0697f51e3154,minecraft:item,true,Egg,[null]
172.78156586968564,64.0,43.9185334305408,d53d0452-ccd8-4911-9937-03dbf8acd134,minecraft:item,true,Egg,[null]
306.5,17.0,-237.5,76c8482f-037d-41ea-9918-278ad160fa1f,minecraft:skeleton,true,Skeleton,[null]
304.5,17.0,-238.5,b4313eda-71af-4ca6-96dd-14c774389aea,minecraft:skeleton,true,Skeleton,[null]
302.5,17.0,-235.5,6fa5ff69-4eb2-44a8-9d01-4b5535c28ef3,minecraft:skeleton,true,Skeleton,[null]
44.349999994039536,66.62644812606776,-51.269785407350035,c5b26412-2d0e-4bdb-9fa6-209daa9dbb0e,minecraft:bee,true,Bee,[null]
289.25,53.966723602778536,-186.75,05096817-2143-4e63-9ec9-a620f4d3696d,minecraft:bat,true,Bat,[null]
287.4666944216818,54.10000002384186,-179.18827858408082,34be5532-35bd-4c88-a9b0-248ffaf71072,minecraft:bat,true,Bat,[null]
115.53002650650063,60.92042143470405,-28.504205209488124,37ad96dc-d0cb-48bf-b241-0793673079c6,minecraft:salmon,true,Salmon,[null]
21.500008781428207,30.0,-127.73226980357491,8e26d8a2-9374-47c7-a66a-352f541f33ee,minecraft:zombie,true,Zombie,[null]
305.5,48.0,-186.5,36101978-67c7-4f93-82d6-d7c4156cee84,minecraft:skeleton,true,Skeleton,[null]
154.03472149647976,31.239374499403425,-120.5673937768992,070d3f86-c0f3-43f0-a77c-e44b2874170c,minecraft:bat,true,Bat,[null]
157.6726035349874,30.534033718349296,-145.98480511492846,38edf16e-ee96-4243-a82a-c4b8cb990003,minecraft:bat,true,Bat,[null]
162.75,34.770654969661834,-140.4894782801352,62958574-08b5-42cf-98ce-e90e2a30e134,minecraft:bat,true,Bat,[null]
174.50164958634093,19.0,-198.23619965269052,1d2988c6-6bd0-4481-9ef8-aaf228e3b4e5,minecraft:zombie,true,Zombie,[null]
180.5,15.0,-186.5,bb9397ce-808a-469b-9e1d-d685d4bea04b,minecraft:creeper,true,Creeper,[null]
176.5,62.0,-222.5,5744c1f8-82cb-4229-9168-48cda586770f,minecraft:zombie,true,Zombie,[null]
274.53066233834556,55.53584062504456,-171.36975455310608,079194eb-ed02-4668-beae-7be169ebd549,minecraft:skeleton,true,Skeleton,[null]
149.19098419048836,48.0,-97.49475191119956,54572434-18ae-4926-94c0-e68280ce4336,minecraft:zombie,true,Zombie,[null]
127.71956051261455,40.0,-88.52690869064507,6ed40299-421c-4657-a7ae-adbedde9d601,minecraft:skeleton,true,Skeleton,[null]
140.2117755321766,45.0,-88.45995375645509,3caabb36-7b91-4e9e-8e52-2d60083eca72,minecraft:skeleton,true,Skeleton,[null]
206.67036902786728,32.0,-170.59302032468494,0c626af7-8b02-405d-a118-ddb9ba8bfe9a,minecraft:axolotl,true,Axolotl,[null]
204.89220552033692,32.0,-170.62410057034046,83afe8ca-0b12-452f-a384-d5cb9b10daf3,minecraft:axolotl,true,Axolotl,[null]
210.58042916676297,31.0,-169.22659582998557,e694efce-aa0c-482e-be33-fc4afcbd2174,minecraft:axolotl,true,Axolotl,[null]
60.22520792795817,32.0,-69.73899555740321,a18f421d-ff80-4168-ae5d-8e4565a3de0a,minecraft:skeleton,true,Skeleton,[null]
124.45121392355813,60.0,-42.74357962219548,f0e2f27f-e316-4258-a0c5-cbf87cb72314,minecraft:salmon,true,Salmon,[null]
340.2204975650114,92.0,-26.779672386349088,a32618bd-5d6c-419c-82ed-246fd99737e9,minecraft:sheep,true,Sheep,[null]
339.16995496542637,92.0,-27.83146946217794,7bf24bc5-1b17-4d02-b3a6-3ded7a15aa6c,minecraft:sheep,true,Sheep,[null]
127.59999999403954,62.209378144703805,-38.400000005960464,1aabcaa6-8ad0-4339-800d-4d6e32a6b7ab,minecraft:squid,true,Squid,[null]
128.59999999403954,61.0,-40.400000005960464,13a03978-774a-473d-8964-2600657c1564,minecraft:squid,true,Squid,[null]
123.40000000596046,61.0,-45.28037606086582,13ad9400-0af6-4d21-bb8e-8add2bf4f462,minecraft:squid,true,Squid,[null]
121.18029106408358,62.01569840131237,-38.109315518289804,50467c9c-cde3-4773-98d4-49eae83cde05,minecraft:squid,true,Squid,[null]
160.20056430211903,13.0,-147.48416511868763,37ca186a-0550-4e52-a660-e5d34733fac9,minecraft:zombie,true,Zombie,[null]
192.44327462735475,20.0,-161.22358966621067,942ae5f0-bc04-4e0a-ac5a-324f9460d302,minecraft:zombie,true,Zombie,[null]
291.19099975427235,26.0,-98.49715554583125,04109b17-0314-4e2f-a642-c67d441c7df1,minecraft:zombie,true,Zombie,[null]
76.5,36.0,-30.5,8316e31b-0478-4e4c-9cbb-ec2e0e6697f2,minecraft:creeper,true,Creeper,[null]
79.5,36.0,-29.5,aaee2e23-efa8-4108-b8be-3c58a1c19795,minecraft:skeleton,true,Skeleton,[null]
291.43909865753136,40.0,-86.79209938599978,269d5e9b-ec63-4730-9307-75fe1817ce03,minecraft:creeper,true,Creeper,[null]
281.7620654425896,38.0,-93.49999502970992,4fe95873-5cdb-4646-b0df-f8d98a407b96,minecraft:zombie,true,Zombie,[null]
287.3977461455928,42.0,-174.18662245497327,20a2d9bd-4346-417d-babc-a55c66f6c967,minecraft:creeper,true,Creeper,[null]
288.2597828216225,40.0,-170.8124150336016,1f04aa55-f9a3-463c-92e5-2fa4329c4ddd,minecraft:creeper,true,Creeper,[null]
312.4182564342331,20.0,-252.93773776824904,01cd2eee-abef-48a2-bec1-3675adf5b9a0,minecraft:spider,true,Spider,[null]
194.5,39.0,-192.5,bcbd5af5-726a-47f8-9e97-5b8329d94617,minecraft:zombie,true,Zombie,[null]
191.5,39.0,-189.5,1b2df924-e2c3-4e43-bc6f-78895c9ff3a0,minecraft:zombie,true,Zombie,[null]
192.5,39.0,-191.5,6140bd58-fb7b-45dd-a1ef-65c14b530e19,minecraft:zombie,true,Zombie,[null]
184.7992218348507,41.0,-194.50213469711878,73a62e20-ea36-48b4-a331-b409c59f793b,minecraft:zombie,true,Zombie,[null]
265.86541454321093,31.519372187030694,-131.23680546477274,16fb5575-82ab-4602-8e3c-14ed3ad10ae2,minecraft:bat,true,Bat,[null]
249.5,58.0,-167.5,0550ec6a-a8b0-49ae-8081-94592ef37219,minecraft:skeleton,true,Skeleton,[null]
452.0,63.0,-222.0,d6a60a96-56a5-4e0d-90b9-f3ba5e116a32,minecraft:pig,true,Pig,[null]
452.0,63.0,-222.0,49886f4e-5bfc-49ce-8746-2f701b05c7fb,minecraft:pig,true,Pig,[null]
452.0,63.0,-223.0,9d675006-eb1f-402c-a0ec-429399d4bcb8,minecraft:pig,true,Pig,[null]
448.89999997615814,63.0,-221.0,17826ca3-06a0-4f03-9190-1b86fdfdc245,minecraft:pig,true,Pig,[null]
116.70879918579985,47.521661012024694,-38.09243492750183,328b2f88-0dce-438a-b426-192bca77e59b,minecraft:bat,true,Bat,[null]
322.5,23.0,-224.5,6fbc4100-0eeb-4830-8b41-6e4f27dfeee8,minecraft:creeper,true,Creeper,[null]
202.5,24.0,-129.5,a7b09088-af66-461b-98c0-56fcde6950ba,minecraft:zombie,true,Zombie,[null]
105.5,53.0,-41.5,eca41975-f924-4d31-96e5-c5695dfbf881,minecraft:skeleton,true,Skeleton,[null]
106.77763895215257,52.0,-38.77763895215257,2e5a242c-421b-4cac-a286-cfef038ffde0,minecraft:skeleton,true,Skeleton,[null]
245.5,43.0,-216.5,041aaf98-0814-40fa-a1de-87df3031541c,minecraft:creeper,true,Creeper,[null]
110.5,23.0,-83.5,1a4ee9bc-a537-4703-9fd3-a1fcd3c7c552,minecraft:skeleton,true,Skeleton,[null]
109.5,23.0,-84.5,40536892-2d58-4a4b-8308-3da51386a4ab,minecraft:skeleton,true,Skeleton,[null]
341.5752468204784,72.62767463931591,-377.6085212963389,a6bea150-3043-442b-98b8-8136e3c26ff8,minecraft:bee,true,Bee,[null]
259.2945695409898,78.0,-370.4625304915743,7bc1423c-cd13-42cb-94e0-310e0482a352,minecraft:pig,true,Pig,[null]
244.45742681954144,66.0,-383.2691537822625,964a3a25-e703-465a-9581-fc8f7cbb670c,minecraft:sheep,true,Sheep,[null]
240.84132216536216,64.0,-381.40751641342564,eaf5fab2-eec1-4966-931f-348671988096,minecraft:sheep,true,Sheep,[null]
313.125,68.0,-381.96290925388945,997b8747-ca49-4283-8d21-7d46910dee43,minecraft:item,true,Oak Sapling,[null]
459.0,72.0,-380.0,0f4cd6eb-008e-4fab-879d-5f20c125b5c3,minecraft:chicken,true,Chicken,[null]
456.0,72.0,-380.0,d288020f-9054-4bfd-b7ad-49207322fe86,minecraft:chicken,true,Chicken,[null]
457.0,72.0,-381.0,f88bd58f-fbfa-4527-b33c-a00e1fec35a4,minecraft:chicken,true,Chicken,[null]
459.0,72.0,-382.0,652867d8-b2c3-4ba5-b1c7-af01657ef3f6,minecraft:chicken,true,Chicken,[null]
262.18797801106575,63.0,-120.617082265915,e2b8f02e-4da8-4327-81ce-76751c80c909,minecraft:item,true,Egg,[null]
250.0250412143495,57.59017624131157,-170.90788469341356,8af8c4af-a403-42ec-ae14-abe448cfe4f7,minecraft:bat,true,Bat,[null]
257.5,31.0,-129.5,75946d24-eff2-49e7-88cc-0aeded407ae3,minecraft:zombie,true,Zombie,[null]
286.5,21.0,-219.5,a689140a-96d6-4461-b7e5-2235002ed8ef,minecraft:creeper,true,Creeper,[null]
339.5,22.0,-202.5,02f34fc3-3a78-4aae-82a6-8857e32b51aa,minecraft:skeleton,true,Skeleton,[null]
182.1078875246793,68.0,36.125,342d98ed-47e2-4129-bf5c-9f2e8566dc91,minecraft:item,true,Egg,[null]
279.4835689276586,47.0,-155.87346420190454,9b3e7a7d-fd74-42ce-8544-987dabc3458a,minecraft:creeper,true,Creeper,[null]
268.5,53.0,-217.5,829c545f-15c6-45aa-8d39-211c62874261,minecraft:skeleton,true,Skeleton,[null]
182.0,70.0,105.0,290f092b-8272-4d2b-9106-72757325bd65,minecraft:pig,true,Pig,[null]
286.0,67.0,108.0,b5dce7ee-cfdd-4e5a-9a56-7195c62ab18e,minecraft:sheep,true,Sheep,[null]
286.0,67.0,110.0,6b68f21e-1e39-42de-999f-c0f693fdb900,minecraft:sheep,true,Sheep,[null]
283.0,69.0,110.0,6bdf0b73-7830-4f64-90dd-1e73dff13659,minecraft:sheep,true,Sheep,[null]
300.0,70.0,99.0,bbd58372-02bc-42fa-be1e-cf8f19cc9ca3,minecraft:sheep,true,Sheep,[null]
300.0,70.0,103.0,7d618259-7267-43f8-852e-be593561f92e,minecraft:sheep,true,Sheep,[null]
302.0,70.0,105.0,7711ff3d-9f7c-4a37-aaaa-5d2c7544fadb,minecraft:sheep,true,Sheep,[null]
302.0,70.0,102.0,93f6d16e-4ed5-4479-bc95-c9d05cd68182,minecraft:sheep,true,Sheep,[null]
54.0,70.0,103.0,825a7511-6eca-4d3e-9f34-fcab3338ebd5,minecraft:cow,true,Cow,[null]
268.4104935602294,21.0,-189.69999998807907,cf416fb0-9a55-42d5-94db-3aca2b57c868,minecraft:skeleton,true,Skeleton,[null]
271.29002302050907,24.0,-189.51322796770305,9b6737e5-9c14-49fd-b05b-45a291695d49,minecraft:skeleton,true,Skeleton,[null]
172.2318795370123,67.0,37.15184137108331,ce5b2694-11a1-44fa-86c4-136ac7b1b5e2,minecraft:item,true,Egg,[null]
47.518327549717704,65.0,-57.26463918910773,d3ff7413-986d-4502-b3b3-b1f3f97b1f3e,minecraft:item,true,Egg,[null]
277.5,31.0,-170.5,16fd9242-9b36-4b5d-bebf-728b2402f4b9,minecraft:creeper,true,Creeper,[null]
175.51570251068748,77.0,17.108906410111917,071e75d0-0191-4427-8bc6-4bdf06784768,minecraft:item,true,Egg,[null]
66.5,28.0,-95.5,e0619700-3fcc-41ef-b6d6-707e20fe8d7b,minecraft:zombie,true,Zombie,[null]
67.5,28.0,-96.5,c3c7c0f7-0e97-43ad-ab63-b43162df4b5b,minecraft:zombie,true,Zombie,[null]
66.5,28.0,-96.5,be2c270b-b7eb-4308-b684-8169b1cf8ee1,minecraft:zombie,true,Zombie,[null]
156.5,29.0,-75.5,3c4a52ff-8856-4c4a-b382-fd2e5baaba24,minecraft:zombie,true,Zombie,[null]
157.5,29.0,-75.5,9f3fbe46-92ae-4ee4-97f5-9e8de0ea371e,minecraft:zombie,true,Zombie,[null]
-51.0,72.0,72.0,e47f7ab3-0ed0-4c6a-94d2-bc556a1b5ffb,minecraft:pig,true,Pig,[null]
-52.0,69.0,75.0,8928d17e-3c85-43c7-8b8f-2fd1d4225764,minecraft:pig,true,Pig,[null]
199.5,19.0,-99.5,019ae50a-feb3-4e9f-a271-d30d77ef5c54,minecraft:zombie,true,Zombie,[null]
309.0154380580022,19.404434394097887,-229.713010622315,0055cace-6607-4756-9bc6-8db6af6fb1dc,minecraft:bat,true,Bat,[null]
307.7762055292907,19.0,-233.5,7343db28-fe40-4f3e-9ea5-5180a6c73d6c,minecraft:bat,true,Bat,[null]
37.5,72.19999998807907,-192.60000000596045,084f5516-f06a-4d80-aaf1-47e33f95b375,minecraft:bee,true,Bee,[null]
