x,y,z,visibility,load_status,entity_count
-2,4,-19,TICKING,LOADED,4
10,4,-20,TICKING,LOADED,1
8,4,-14,TICKING,LOADED,1
6,5,-9,TICKING,LOADED,3
22,4,-19,TICKING,LOADED,1
15,2,-14,TICKING,LOADED,1
12,1,-13,TICKING,LOADED,1
12,2,-13,TICKING,LOADED,1
7,2,-3,TICKING,LOADED,1
7,3,-3,TICKING,LOADED,4
19,3,-13,TICKING,LOADED,1
10,4,2,TICKING,LOADED,4
12,4,-5,TICKING,LOADED,1
12,4,-18,TICKING,LOADED,1
11,3,-7,TICKING,LOADED,3
1,4,-14,TICKING,LOADED,2
25,4,-9,TICKING,LOADED,1
7,4,-11,TICKING,LOADED,1
18,4,-21,TICKING,LOADED,1
0,4,-13,TICKING,LOADED,1
18,1,-11,TICKING,LOADED,1
18,2,-11,TICKING,LOADED,2
10,4,-4,TICKING,LOADED,1
16,4,-18,TICKING,LOADED,3
20,1,-15,TICKING,LOADED,1
21,1,-14,TICKING,LOADED,2
11,0,-12,TICKING,LOADED,1
11,2,-12,TICKING,LOADED,1
7,2,-6,TICKING,LOADED,6
13,3,-7,TICKING,LOADED,1
15,4,-24,TRACKED,LOADED,2
13,0,3,TICKING,LOADED,1
7,1,-8,TICKING,LOADED,1
15,2,-8,TICKING,LOADED,1
11,1,-5,TICKING,LOADED,1
18,1,-8,TICKING,LOADED,1
17,2,-6,TICKING,LOADED,1
10,3,-7,TICKING,LOADED,1
26,3,-9,TICKING,LOADED,1
26,4,-9,TICKING,LOADED,3
-2,4,-11,TICKING,LOADED,4
1,1,-8,TICKING,LOADED,1
0,4,-22,TRACKED,LOADED,1
3,1,-6,TICKING,LOADED,1
3,3,-6,TICKING,LOADED,1
3,4,-6,TICKING,LOADED,1
13,1,-2,TICKING,LOADED,1
20,4,-8,TICKING,LOADED,1
17,4,-21,TICKING,LOADED,2
15,3,-11,TICKING,LOADED,2
10,2,-11,TICKING,LOADED,1
6,1,-6,TICKING,LOADED,3
8,4,-16,TICKING,LOADED,1
17,4,-16,TICKING,LOADED,3
4,2,-2,TICKING,LOADED,2
2,4,-23,TRACKED,LOADED,2
19,4,-4,TICKING,LOADED,1
17,1,-11,TICKING,LOADED,3
17,2,-11,TICKING,LOADED,3
17,3,-11,TICKING,LOADED,2
11,4,6,TRACKED,LOADED,1
-4,4,-15,TRACKED,LOADED,2
20,4,-5,TICKING,LOADED,1
-1,4,-22,TRACKED,LOADED,5
14,4,4,TICKING,LOADED,4
10,1,-8,TICKING,LOADED,2
2,4,-13,TICKING,LOADED,1
10,1,-13,TICKING,LOADED,1
10,4,-13,TICKING,LOADED,3
18,3,5,TRACKED,LOADED,8
8,2,-7,TICKING,LOADED,1
19,2,-9,TICKING,LOADED,1
-4,4,4,TRACKED,LOADED,2
26,3,-7,TICKING,LOADED,4
17,3,-8,TICKING,LOADED,1
4,4,5,TRACKED,LOADED,3
14,3,-7,TICKING,LOADED,1
10,4,-5,TICKING,LOADED,1
1,5,-7,TICKING,LOADED,2
4,4,-15,TICKING,LOADED,1
12,4,-22,TICKING,LOADED,2
15,4,-17,TICKING,LOADED,1
3,4,1,TICKING,LOADED,1
21,5,-2,TRACKED,LOADED,2
13,4,-19,TICKING,LOADED,1
12,1,-3,TICKING,LOADED,1
11,3,-14,TICKING,LOADED,2
12,0,4,TICKING,LOADED,1
4,0,0,TICKING,LOADED,1
17,4,-5,TICKING,LOADED,1
9,1,-5,TICKING,LOADED,2
19,1,-11,TICKING,LOADED,4
19,3,-11,TICKING,LOADED,1
7,1,-5,TICKING,LOADED,1
7,3,-5,TICKING,LOADED,2
1,1,-9,TICKING,LOADED,1
14,3,-9,TICKING,LOADED,1
9,1,-7,TICKING,LOADED,1
9,2,-7,TICKING,LOADED,3
9,3,-7,TICKING,LOADED,1
0,4,-14,TICKING,LOADED,1
20,4,-22,TICKING,LOADED,1
12,1,-12,TICKING,LOADED,1
12,2,-12,TICKING,LOADED,1
10,4,0,TICKING,LOADED,6
28,4,-24,TRACKED,LOADED,4
-4,4,-14,TRACKED,LOADED,3
5,3,-8,TICKING,LOADED,1
7,2,-9,TICKING,LOADED,1
25,4,-8,TICKING,LOADED,1
13,3,-6,TICKING,LOADED,1
17,1,-14,TICKING,LOADED,1
8,3,-4,TICKING,LOADED,1
8,1,-23,TRACKED,LOADED,2
10,0,-10,TICKING,LOADED,1
22,3,-16,TICKING,LOADED,1
3,2,-5,TICKING,LOADED,1
19,4,-6,TICKING,LOADED,2
11,4,-20,TICKING,LOADED,1
20,4,-17,TICKING,LOADED,1
-5,4,-23,TRACKED,LOADED,4
21,4,-24,TRACKED,LOADED,1
19,1,-16,TICKING,LOADED,1
17,4,1,TRACKED,LOADED,2
13,0,-3,TICKING,LOADED,1
2,2,-7,TICKING,LOADED,1
2,5,-7,TICKING,LOADED,1
12,2,-2,TICKING,LOADED,3
20,0,-9,TICKING,LOADED,1
20,4,-9,TICKING,LOADED,3
11,4,2,TICKING,LOADED,3
18,0,-15,TICKING,LOADED,1
18,1,-15,TICKING,LOADED,2
18,4,-15,TICKING,LOADED,5
14,3,-8,TICKING,LOADED,1
4,1,-7,TICKING,LOADED,2
23,3,-13,TICKING,LOADED,1
-2,4,5,TRACKED,LOADED,3
3,4,-12,TICKING,LOADED,1
6,1,-5,TICKING,LOADED,2
6,2,-5,TICKING,LOADED,1
16,1,-9,TICKING,LOADED,3
16,3,-9,TICKING,LOADED,4
17,1,-12,TICKING,LOADED,2
17,3,-12,TICKING,LOADED,1
18,2,-6,TICKING,LOADED,1
18,4,-6,TICKING,LOADED,1
18,1,-7,TICKING,LOADED,1
19,4,-24,TRACKED,LOADED,1
2,4,-4,TICKING,LOADED,6
-4,4,-4,TRACKED,LOADED,2
16,3,-14,TICKING,LOADED,1
8,4,-5,TICKING,LOADED,3
14,3,-11,TICKING,LOADED,1
2,4,-9,TICKING,LOADED,3
26,3,-8,TICKING,LOADED,1
-1,4,-1,TICKING,LOADED,1
18,4,3,TRACKED,LOADED,1
18,4,-16,TICKING,LOADED,1
5,4,-15,TICKING,LOADED,3
13,1,-11,TICKING,LOADED,1
8,1,-8,TICKING,LOADED,1
28,3,-14,TRACKED,LOADED,4
6,3,-3,TICKING,LOADED,2
14,4,-21,TICKING,LOADED,1
10,4,-21,TICKING,LOADED,6
2,4,-14,TICKING,LOADED,1
11,4,-21,TICKING,LOADED,4
11,2,-13,TICKING,LOADED,2
8,3,-3,TICKING,LOADED,1
18,4,0,TRACKED,LOADED,1
-1,4,-20,TICKING,LOADED,3
25,3,-7,TICKING,LOADED,1
7,2,-2,TICKING,LOADED,1
7,3,-2,TICKING,LOADED,1
9,1,-10,TICKING,LOADED,1
16,1,-12,TICKING,LOADED,2
12,1,-9,TICKING,LOADED,2
11,4,-18,TICKING,LOADED,1
10,4,-3,TICKING,LOADED,1
3,4,-9,TICKING,LOADED,1
22,1,-13,TICKING,LOADED,1
22,2,-13,TICKING,LOADED,3
5,3,-5,TICKING,LOADED,1
7,2,-12,TICKING,LOADED,1
7,4,-12,TICKING,LOADED,1
6,5,-8,TICKING,LOADED,1
5,2,-9,TICKING,LOADED,1
5,5,-9,TICKING,LOADED,3
15,4,-6,TICKING,LOADED,2
25,4,-10,TICKING,LOADED,1
18,2,-10,TICKING,LOADED,1
21,4,-7,TICKING,LOADED,2
9,3,-13,TICKING,LOADED,1
11,4,1,TICKING,LOADED,1
16,5,-21,TICKING,LOADED,1
15,4,-16,TICKING,LOADED,1
18,4,6,TRACKED,LOADED,4
3,2,0,TICKING,LOADED,1
18,4,1,TRACKED,LOADED,1
9,1,-8,TICKING,LOADED,2
9,2,-8,TICKING,LOADED,1
19,3,-12,TICKING,LOADED,1
14,3,-18,TICKING,LOADED,8
14,4,-18,TICKING,LOADED,4
11,4,0,TICKING,LOADED,5
20,4,-23,TRACKED,LOADED,1
8,1,-6,TICKING,LOADED,1
8,2,-6,TICKING,LOADED,3
8,3,-6,TICKING,LOADED,1
8,4,-6,TICKING,LOADED,3
-1,4,-23,TRACKED,LOADED,1
21,1,-13,TICKING,LOADED,2
6,4,-7,TICKING,LOADED,1
6,5,-7,TICKING,LOADED,1
-4,4,-5,TRACKED,LOADED,1
3,4,-4,TICKING,LOADED,1
18,3,-9,TICKING,LOADED,1
19,1,-15,TICKING,LOADED,4
20,5,-3,TRACKED,LOADED,2
16,3,-8,TICKING,LOADED,2
2,4,-12,TICKING,LOADED,1
0,3,-10,TICKING,LOADED,2
10,2,-9,TICKING,LOADED,1
17,4,6,TRACKED,LOADED,3
17,1,-13,TICKING,LOADED,1
17,4,-13,TICKING,LOADED,4
3,4,6,TRACKED,LOADED,1
17,1,-10,TICKING,LOADED,1
17,2,-10,TICKING,LOADED,1
17,4,-10,TICKING,LOADED,1
12,1,-11,TICKING,LOADED,1
12,2,-11,TICKING,LOADED,2
21,4,-23,TRACKED,LOADED,1
13,1,2,TICKING,LOADED,1
4,4,-11,TICKING,LOADED,1
6,0,-10,TICKING,LOADED,1
14,4,-23,TRACKED,LOADED,1
18,1,-12,TICKING,LOADED,1
18,3,-12,TICKING,LOADED,1
10,4,1,TICKING,LOADED,3
16,4,5,TRACKED,LOADED,4
5,2,-7,TICKING,LOADED,1
1,3,-1,TICKING,LOADED,1
15,4,-23,TRACKED,LOADED,2
16,4,-24,TRACKED,LOADED,1
17,1,-9,TICKING,LOADED,2
17,3,-9,TICKING,LOADED,1
17,4,-9,TICKING,LOADED,1
-3,4,-4,TICKING,LOADED,1
9,2,-6,TICKING,LOADED,6
12,1,-7,TICKING,LOADED,1
2,4,-11,TICKING,LOADED,1
8,2,-12,TICKING,LOADED,2
8,4,-12,TICKING,LOADED,1
9,3,2,TICKING,LOADED,2
3,4,-10,TICKING,LOADED,1
4,1,-6,TICKING,LOADED,1
4,2,-6,TICKING,LOADED,1
18,4,-22,TICKING,LOADED,1
12,4,-21,TICKING,LOADED,2
16,3,-11,TICKING,LOADED,1
9,2,-11,TICKING,LOADED,1
15,3,-18,TICKING,LOADED,2
15,4,-18,TICKING,LOADED,5
